BankName,BinCard,CardType,CardLen,Describe
中国银行,621660,银行卡,19,联名卡
中国银行,621661,银行卡,19,个人普卡
中国银行,621663,银行卡,19,员工普卡
中国银行,621667,银行卡,19,理财普卡
中国银行,621668,银行卡,19,理财金卡
中国银行,621666,银行卡,19,理财白金卡
中国银行,456351,银行卡,19,长城电子借记卡
中国银行,601382,银行卡,19,长城电子借记卡
中国银行,621256,银行卡,19,一卡双账户普卡
中国银行,621212,银行卡,19,财互通卡
中国银行,621283,银行卡,19,中职学生资助卡
中国银行,620061,银行卡,19,银联标准卡
中国银行,621725,银行卡,19,金融IC卡
中国银行,621330,银行卡,19,社保联名卡
中国银行,621331,银行卡,19,社保联名卡
中国银行,621332,银行卡,19,医保联名卡
中国银行,621333,银行卡,19,医保联名卡
中国银行,621297,银行卡,19,公司借记卡
中国银行,621568,银行卡,19,长城福农借记卡金卡
中国银行,621569,银行卡,19,长城福农借记卡普卡
中国银行,623208,银行卡,19,中国旅游卡
中国银行,621620,银行卡,19,武警军人保障卡
中国银行,621756,银行卡,19,社保联名借记IC卡
中国银行,621757,银行卡,19,社保联名借记IC卡
中国银行,621758,银行卡,19,医保联名借记IC卡
中国银行,621759,银行卡,19,医保联名借记IC卡
中国银行,621785,银行卡,19,借记IC个人普卡
中国银行,621786,银行卡,19,借记IC个人金卡
中国银行,621787,银行卡,19,借记IC个人普卡
中国银行,621788,银行卡,19,借记IC白金卡
中国银行,621789,银行卡,19,借记IC钻石卡
中国银行,621790,银行卡,19,借记IC联名卡
中国银行,621672,银行卡,19,普通高中学生资助卡
中国银行,621669,银行卡,19,理财银卡
中国银行,621662,银行卡,19,个人金卡
中国银行,623571,银行卡,19,长城代发薪借记IC卡（钻石卡）
中国银行,623572,银行卡,19,长城代发薪借记IC卡（白金卡）
中国银行,623575,银行卡,19,长城代发薪借记IC卡（普卡）
中国银行,623263,银行卡,19,中银单位结算卡
中国银行,623184,银行卡,19,银联保障类借记IC卡（金卡）
中国银行,623569,银行卡,19,银联保障类借记IC卡（白金卡）
中国银行,623586,银行卡,19,银联多币借记IC卡（钻石卡）
中国银行,623573,银行卡,19,长城代发薪借记IC卡（金卡）
中国银行,621665,银行卡,19,员工金卡
中国银行,627025,银行卡,19,
中国银行,627026,银行卡,19,
中国银行,627027,银行卡,19,
中国银行,627028,银行卡,19,
中国银行,356833,信用卡,16,中银JCB卡金卡
中国银行,356835,信用卡,16,中银JCB卡普卡
中国银行,409665,信用卡,16,员工普卡
中国银行,409666,信用卡,16,个人普卡
中国银行,409668,信用卡,16,中银威士信用卡员
中国银行,409669,信用卡,16,中银威士信用卡员
中国银行,409670,信用卡,16,个人白金卡
中国银行,409671,信用卡,16,中银威士信用卡
中国银行,409672,信用卡,16,长城公务卡
中国银行,512315,信用卡,16,中银万事达信用卡
中国银行,512316,信用卡,16,中银万事达信用卡
中国银行,512411,信用卡,16,中银万事达信用卡
中国银行,512412,信用卡,16,中银万事达信用卡
中国银行,514957,信用卡,16,中银万事达信用卡
中国银行,409667,信用卡,16,中银威士信用卡员
中国银行,438088,信用卡,16,中银奥运信用卡
中国银行,552742,信用卡,16,长城公务卡
中国银行,553131,信用卡,16,长城公务卡
中国银行,514958,信用卡,16,中银万事达信用卡
中国银行,622760,信用卡,16,银联单币C
中国银行,628388,信用卡,16,银联标准公务卡
中国银行,518377,信用卡,16,中银女性主题信用卡
中国银行,622788,信用卡,16,白金卡
中国银行,628313,信用卡,16,长城银联公务IC卡白金卡
中国银行,628312,信用卡,16,长城银联公务IC卡金卡
中国银行,62844802,信用卡,16,财政公务公司清偿IC卡
中国银行,622479,信用卡,16,熊猫卡
中国银行,622480,信用卡,16,财富卡
中国银行,622380,信用卡,16,中银全币种银联尊贵卡
中国银行,626200,信用卡,16,
中国银行,622789,信用卡,16,BOCCUPPLATINUMCARD
中国银行,625140,信用卡,16,长城信用卡环球通
中国银行,622346,信用卡,16,人民币信用卡金卡
中国银行,622347,信用卡,16,信用卡普通卡
中国银行,622790,信用卡,16,Great Wall Platinum
中国银行,6227890,信用卡,16,GREAT WALL PLATINUM
中国银行,6227891,信用卡,16,GREAT WALL PLATINUM
中国银行,6227892,信用卡,16,GREAT WALL PLATINUM
中国银行,6227893,信用卡,16,GREAT WALL PLATINUM
中国银行,6227894,信用卡,16,GREAT WALL PLATINUM
中国银行,6227895,信用卡,16,GREAT WALL PLATINUM
中国银行,6227896,信用卡,16,GREAT WALL PLATINUM
中国银行,6227897,信用卡,16,GREAT WALL PLATINUM
中国银行,6227899,信用卡,16,DUAL CURRENCY TRAVEL CARD
中国银行,624405,信用卡,16,Dual Currency Debit Card
中国银行,6227898,信用卡,16,GREAT WALL PLATINUM
农业银行,103,银行卡,19,金穗借记卡
农业银行,623206,银行卡,19,中国旅游卡
农业银行,621671,银行卡,19,普通高中学生资助卡
农业银行,620059,银行卡,19,银联标准卡
农业银行,621282,银行卡,19,中职学生资助卡
农业银行,621336,银行卡,19,专用惠农卡
农业银行,621619,银行卡,19,武警军人保障卡
农业银行,622821,银行卡,19,金穗校园卡(银联卡)
农业银行,622822,银行卡,19,金穗星座卡(银联卡)
农业银行,622823,银行卡,19,金穗社保卡(银联卡)
农业银行,622824,银行卡,19,金穗旅游卡(银联卡)
农业银行,622825,银行卡,19,金穗青年卡(银联卡)
农业银行,622826,银行卡,19,复合介质金穗通宝卡
农业银行,622827,银行卡,19,金穗海通卡
农业银行,622828,银行卡,19,退役金卡
农业银行,622840,银行卡,19,金穗通宝卡(银联卡)
农业银行,622841,银行卡,19,金穗惠农卡
农业银行,622843,银行卡,19,金穗通宝银卡
农业银行,622844,银行卡,19,金穗通宝卡(银联卡)
农业银行,622845,银行卡,19,金穗通宝卡(银联卡)
农业银行,622846,银行卡,19,金穗通宝卡
农业银行,622847,银行卡,19,金穗通宝卡(银联卡)
农业银行,622848,银行卡,19,金穗通宝卡(银联卡)
农业银行,622849,银行卡,19,金穗通宝钻石卡
农业银行,623018,银行卡,19,掌尚钱包
农业银行,95595,银行卡,19,借记卡(银联卡)
农业银行,95596,银行卡,19,借记卡(银联卡)
农业银行,95597,银行卡,19,借记卡(银联卡)
农业银行,95598,银行卡,19,借记卡(银联卡)
农业银行,95599,银行卡,19,借记卡(银联卡)
农业银行,552599,信用卡,16,金穗C
农业银行,403361,信用卡,16,金穗C(银联卡)
农业银行,404117,信用卡,16,金穗C(银联卡)
农业银行,404118,信用卡,16,金穗C(银联卡)
农业银行,404119,信用卡,16,金穗C(银联卡)
农业银行,404120,信用卡,16,金穗C(银联卡)
农业银行,404121,信用卡,16,金穗C(银联卡)
农业银行,463758,信用卡,16,VISA白金卡
农业银行,514027,信用卡,16,万事达白金卡
农业银行,519412,信用卡,16,金穗C(银联卡)
农业银行,519413,信用卡,16,金穗C(银联卡)
农业银行,520082,信用卡,16,金穗C(银联卡)
农业银行,520083,信用卡,16,金穗C(银联卡)
农业银行,558730,信用卡,16,金穗C
农业银行,622836,信用卡,16,金穗C
农业银行,622837,信用卡,16,金穗C
农业银行,625996,信用卡,16,银联IC卡金卡
农业银行,625997,信用卡,16,银联预算单位公务卡金卡
农业银行,625998,信用卡,16,银联IC卡白金卡
农业银行,628268,信用卡,16,金穗公务卡
农业银行,622839,信用卡,16,农行钻石信用卡
农业银行,625826,信用卡,16,IC普卡
农业银行,548478,信用卡,16,澳元卡
农业银行,544243,信用卡,16,欧元卡
农业银行,622838,信用卡,16,银联白金卡
农业银行,625336,信用卡,16,中国旅游卡
农业银行,628269,信用卡,16,银联IC公务卡
农业银行,625653,信用卡,16,农行商务卡
农业银行,628346,信用卡,16,农行标准公务卡
农业银行,625170,信用卡,16,农行标准金卡
农业银行,62844803,信用卡,16,农行单位公务卡
农业银行,625818,信用卡,16,虚拟帐户产品
工商银行,620200,银行卡,18,牡丹灵通卡
工商银行,620302,银行卡,18,牡丹灵通卡
工商银行,620402,银行卡,18,牡丹灵通卡
工商银行,620403,银行卡,18,牡丹灵通卡
工商银行,620404,银行卡,18,牡丹灵通卡
工商银行,620406,银行卡,18,牡丹灵通卡
工商银行,620407,银行卡,18,牡丹灵通卡
工商银行,620409,银行卡,18,牡丹灵通卡
工商银行,620410,银行卡,18,牡丹灵通卡
工商银行,620411,银行卡,18,牡丹灵通卡
工商银行,620412,银行卡,18,牡丹灵通卡
工商银行,620502,银行卡,18,牡丹灵通卡
工商银行,620503,银行卡,18,牡丹灵通卡
工商银行,620405,银行卡,18,牡丹灵通卡
工商银行,620408,银行卡,18,牡丹灵通卡
工商银行,620512,银行卡,18,牡丹灵通卡
工商银行,620602,银行卡,18,牡丹灵通卡
工商银行,620604,银行卡,18,牡丹灵通卡
工商银行,620607,银行卡,18,牡丹灵通卡
工商银行,620611,银行卡,18,牡丹灵通卡
工商银行,620612,银行卡,18,牡丹灵通卡
工商银行,620704,银行卡,18,牡丹灵通卡
工商银行,620706,银行卡,18,牡丹灵通卡
工商银行,620707,银行卡,18,牡丹灵通卡
工商银行,620708,银行卡,18,牡丹灵通卡
工商银行,620709,银行卡,18,牡丹灵通卡
工商银行,620710,银行卡,18,牡丹灵通卡
工商银行,620609,银行卡,18,牡丹灵通卡
工商银行,620712,银行卡,18,牡丹灵通卡
工商银行,620713,银行卡,18,牡丹灵通卡
工商银行,620714,银行卡,18,牡丹灵通卡
工商银行,620802,银行卡,18,牡丹灵通卡
工商银行,620711,银行卡,18,牡丹灵通卡
工商银行,620904,银行卡,18,牡丹灵通卡
工商银行,620905,银行卡,18,牡丹灵通卡
工商银行,621001,银行卡,18,牡丹灵通卡
工商银行,620902,银行卡,18,牡丹灵通卡
工商银行,621103,银行卡,18,牡丹灵通卡
工商银行,621105,银行卡,18,牡丹灵通卡
工商银行,621106,银行卡,18,牡丹灵通卡
工商银行,621107,银行卡,18,牡丹灵通卡
工商银行,621102,银行卡,18,牡丹灵通卡
工商银行,621203,银行卡,18,牡丹灵通卡
工商银行,621204,银行卡,18,牡丹灵通卡
工商银行,621205,银行卡,18,牡丹灵通卡
工商银行,621206,银行卡,18,牡丹灵通卡
工商银行,621207,银行卡,18,牡丹灵通卡
工商银行,621208,银行卡,18,牡丹灵通卡
工商银行,621209,银行卡,18,牡丹灵通卡
工商银行,621210,银行卡,18,牡丹灵通卡
工商银行,621302,银行卡,18,牡丹灵通卡
工商银行,621303,银行卡,18,牡丹灵通卡
工商银行,621202,银行卡,18,牡丹灵通卡
工商银行,621305,银行卡,18,牡丹灵通卡
工商银行,621306,银行卡,18,牡丹灵通卡
工商银行,621307,银行卡,18,牡丹灵通卡
工商银行,621309,银行卡,18,牡丹灵通卡
工商银行,621311,银行卡,18,牡丹灵通卡
工商银行,621313,银行卡,18,牡丹灵通卡
工商银行,621211,银行卡,18,牡丹灵通卡
工商银行,621315,银行卡,18,牡丹灵通卡
工商银行,621304,银行卡,18,牡丹灵通卡
工商银行,621402,银行卡,18,牡丹灵通卡
工商银行,621404,银行卡,18,牡丹灵通卡
工商银行,621405,银行卡,18,牡丹灵通卡
工商银行,621406,银行卡,18,牡丹灵通卡
工商银行,621407,银行卡,18,牡丹灵通卡
工商银行,621408,银行卡,18,牡丹灵通卡
工商银行,621409,银行卡,18,牡丹灵通卡
工商银行,621410,银行卡,18,牡丹灵通卡
工商银行,621502,银行卡,18,牡丹灵通卡
工商银行,621317,银行卡,18,牡丹灵通卡
工商银行,621511,银行卡,18,牡丹灵通卡
工商银行,621602,银行卡,18,牡丹灵通卡
工商银行,621603,银行卡,18,牡丹灵通卡
工商银行,621604,银行卡,18,牡丹灵通卡
工商银行,621605,银行卡,18,牡丹灵通卡
工商银行,621608,银行卡,18,牡丹灵通卡
工商银行,621609,银行卡,18,牡丹灵通卡
工商银行,621610,银行卡,18,牡丹灵通卡
工商银行,621611,银行卡,18,牡丹灵通卡
工商银行,621612,银行卡,18,牡丹灵通卡
工商银行,621613,银行卡,18,牡丹灵通卡
工商银行,621614,银行卡,18,牡丹灵通卡
工商银行,621615,银行卡,18,牡丹灵通卡
工商银行,621616,银行卡,18,牡丹灵通卡
工商银行,621617,银行卡,18,牡丹灵通卡
工商银行,621607,银行卡,18,牡丹灵通卡
工商银行,621606,银行卡,18,牡丹灵通卡
工商银行,621804,银行卡,18,牡丹灵通卡
工商银行,621807,银行卡,18,牡丹灵通卡
工商银行,621813,银行卡,18,牡丹灵通卡
工商银行,621814,银行卡,18,牡丹灵通卡
工商银行,621817,银行卡,18,牡丹灵通卡
工商银行,621901,银行卡,18,牡丹灵通卡
工商银行,621904,银行卡,18,牡丹灵通卡
工商银行,621905,银行卡,18,牡丹灵通卡
工商银行,621906,银行卡,18,牡丹灵通卡
工商银行,621907,银行卡,18,牡丹灵通卡
工商银行,621908,银行卡,18,牡丹灵通卡
工商银行,621909,银行卡,18,牡丹灵通卡
工商银行,621910,银行卡,18,牡丹灵通卡
工商银行,621911,银行卡,18,牡丹灵通卡
工商银行,621912,银行卡,18,牡丹灵通卡
工商银行,621913,银行卡,18,牡丹灵通卡
工商银行,621915,银行卡,18,牡丹灵通卡
工商银行,622002,银行卡,18,牡丹灵通卡
工商银行,621903,银行卡,18,牡丹灵通卡
工商银行,622004,银行卡,18,牡丹灵通卡
工商银行,622005,银行卡,18,牡丹灵通卡
工商银行,622006,银行卡,18,牡丹灵通卡
工商银行,622007,银行卡,18,牡丹灵通卡
工商银行,622008,银行卡,18,牡丹灵通卡
工商银行,622010,银行卡,18,牡丹灵通卡
工商银行,622011,银行卡,18,牡丹灵通卡
工商银行,622012,银行卡,18,牡丹灵通卡
工商银行,621914,银行卡,18,牡丹灵通卡
工商银行,622015,银行卡,18,牡丹灵通卡
工商银行,622016,银行卡,18,牡丹灵通卡
工商银行,622003,银行卡,18,牡丹灵通卡
工商银行,622018,银行卡,18,牡丹灵通卡
工商银行,622019,银行卡,18,牡丹灵通卡
工商银行,622020,银行卡,18,牡丹灵通卡
工商银行,622102,银行卡,18,牡丹灵通卡
工商银行,622103,银行卡,18,牡丹灵通卡
工商银行,622104,银行卡,18,牡丹灵通卡
工商银行,622105,银行卡,18,牡丹灵通卡
工商银行,622013,银行卡,18,牡丹灵通卡
工商银行,622111,银行卡,18,牡丹灵通卡
工商银行,622114,银行卡,18,牡丹灵通卡
工商银行,622017,银行卡,18,牡丹灵通卡
工商银行,622110,银行卡,18,牡丹灵通卡
工商银行,622303,银行卡,18,牡丹灵通卡
工商银行,622304,银行卡,18,牡丹灵通卡
工商银行,622305,银行卡,18,牡丹灵通卡
工商银行,622306,银行卡,18,牡丹灵通卡
工商银行,622307,银行卡,18,牡丹灵通卡
工商银行,622308,银行卡,18,牡丹灵通卡
工商银行,622309,银行卡,18,牡丹灵通卡
工商银行,622314,银行卡,18,牡丹灵通卡
工商银行,622315,银行卡,18,牡丹灵通卡
工商银行,622317,银行卡,18,牡丹灵通卡
工商银行,622302,银行卡,18,牡丹灵通卡
工商银行,622402,银行卡,18,牡丹灵通卡
工商银行,622403,银行卡,18,牡丹灵通卡
工商银行,622404,银行卡,18,牡丹灵通卡
工商银行,622313,银行卡,18,牡丹灵通卡
工商银行,622504,银行卡,18,牡丹灵通卡
工商银行,622505,银行卡,18,牡丹灵通卡
工商银行,622509,银行卡,18,牡丹灵通卡
工商银行,622513,银行卡,18,牡丹灵通卡
工商银行,622517,银行卡,18,牡丹灵通卡
工商银行,622502,银行卡,18,牡丹灵通卡
工商银行,622604,银行卡,18,牡丹灵通卡
工商银行,622605,银行卡,18,牡丹灵通卡
工商银行,622606,银行卡,18,牡丹灵通卡
工商银行,622510,银行卡,18,牡丹灵通卡
工商银行,622703,银行卡,18,牡丹灵通卡
工商银行,622715,银行卡,18,牡丹灵通卡
工商银行,622806,银行卡,18,牡丹灵通卡
工商银行,622902,银行卡,18,牡丹灵通卡
工商银行,622903,银行卡,18,牡丹灵通卡
工商银行,622706,银行卡,18,牡丹灵通卡
工商银行,623002,银行卡,18,牡丹灵通卡
工商银行,623006,银行卡,18,牡丹灵通卡
工商银行,623008,银行卡,18,牡丹灵通卡
工商银行,623011,银行卡,18,牡丹灵通卡
工商银行,623012,银行卡,18,牡丹灵通卡
工商银行,622904,银行卡,18,牡丹灵通卡
工商银行,623015,银行卡,18,牡丹灵通卡
工商银行,623100,银行卡,18,牡丹灵通卡
工商银行,623202,银行卡,18,牡丹灵通卡
工商银行,623301,银行卡,18,牡丹灵通卡
工商银行,623400,银行卡,18,牡丹灵通卡
工商银行,623500,银行卡,18,牡丹灵通卡
工商银行,623602,银行卡,18,牡丹灵通卡
工商银行,623803,银行卡,18,牡丹灵通卡
工商银行,623901,银行卡,18,牡丹灵通卡
工商银行,623014,银行卡,18,牡丹灵通卡
工商银行,624100,银行卡,18,牡丹灵通卡
工商银行,624200,银行卡,18,牡丹灵通卡
工商银行,624301,银行卡,18,牡丹灵通卡
工商银行,624402,银行卡,18,牡丹灵通卡
工商银行,623700,银行卡,18,牡丹灵通卡
工商银行,624000,银行卡,18,牡丹灵通卡
工商银行,9558,银行卡,19,牡丹灵通卡(银联卡)
工商银行,900000,银行卡,19,牡丹社会保障卡
工商银行,621558,银行卡,19,福农灵通卡
工商银行,621559,银行卡,19,福农灵通卡
工商银行,621722,银行卡,19,灵通卡
工商银行,621723,银行卡,19,灵通卡
工商银行,621226,银行卡,19,牡丹卡普卡
工商银行,402791,银行卡,16,国际借记卡
工商银行,427028,银行卡,16,国际借记卡
工商银行,427038,银行卡,16,国际借记卡
工商银行,548259,银行卡,16,国际借记卡
工商银行,620516,银行卡,19,预付芯片卡
工商银行,621721,银行卡,19,灵通卡
工商银行,900010,银行卡,19,牡丹宁波市民卡
工商银行,621288,银行卡,19,工银财富卡
工商银行,620086,银行卡,19,中国旅行卡
工商银行,621670,银行卡,19,普通高中学生资助卡
工商银行,621218,银行卡,19,借记白金卡
工商银行,621475,银行卡,19,借记卡灵通卡
工商银行,621476,银行卡,19,借记卡金卡
工商银行,623229,银行卡,19,中国旅游卡
工商银行,623260,银行卡,19,财智账户卡
工商银行,620058,银行卡,19,银联标准卡
工商银行,621225,银行卡,19,牡丹卡普卡
工商银行,621227,银行卡,19,理财金账户金卡
工商银行,621281,银行卡,19,中职学生资助卡
工商银行,621618,银行卡,19,武警军人保障卡
工商银行,622200,银行卡,19,灵通卡
工商银行,622202,银行卡,19,E时代卡
工商银行,622203,银行卡,19,E时代卡
工商银行,622208,银行卡,19,理财金卡
工商银行,623062,银行卡,19,借记卡
工商银行,623271,银行卡,19,
工商银行,623272,银行卡,19,
工商银行,427062,信用卡,16,牡丹VISA信用卡
工商银行,427064,信用卡,16,牡丹VISA信用卡
工商银行,62451804,信用卡,16,牡丹C
工商银行,62451810,信用卡,16,牡丹C
工商银行,62451811,信用卡,16,牡丹C
工商银行,6245806,信用卡,16,牡丹信用卡
工商银行,62458071,信用卡,16,牡丹C
工商银行,6253098,信用卡,16,牡丹信用卡
工商银行,622246,信用卡,16,专用信用消费卡
工商银行,544210,信用卡,16,牡丹东航联名卡
工商银行,548943,信用卡,16,牡丹东航联名卡
工商银行,370267,信用卡,15,牡丹运通白金卡
工商银行,622236,信用卡,16,借贷合一卡
工商银行,524374,信用卡,16,牡丹多币种卡
工商银行,550213,信用卡,16,牡丹多币种卡
工商银行,622597,信用卡,16,环球旅行金卡
工商银行,622599,信用卡,16,环球旅行白金卡
工商银行,360883,信用卡,14,牡丹工银大来卡
工商银行,360884,信用卡,14,牡丹工银大莱卡
工商银行,625865,信用卡,16,IC金卡
工商银行,625866,信用卡,16,IC白金卡
工商银行,625899,信用卡,16,工行IC卡（红卡）
工商银行,374738,信用卡,15,牡丹百夫长信用卡
工商银行,374739,信用卡,15,牡丹百夫长信用卡
工商银行,510529,信用卡,16,牡丹万事达国际借记卡
工商银行,524091,信用卡,16,海航信用卡
工商银行,625650,信用卡,16,YL企业公司卡信用IC金卡
工商银行,622910,信用卡,16,工银环球旅行信用卡
工商银行,622911,信用卡,16,银联金卡
工商银行,622912,信用卡,16,银联白金卡
工商银行,622913,信用卡,16,银联普卡
工商银行,625858,信用卡,16,工银I运动信用卡银联白金卡
工商银行,625859,信用卡,16,工银I运动信用卡银联金卡
工商银行,625860,信用卡,16,工银I运动信用卡银联普卡
工商银行,625160,信用卡,16,
工商银行,625161,信用卡,16,
工商银行,625162,信用卡,16,
工商银行,625651,信用卡,16,
工商银行,356879,信用卡,16,牡丹JCB信用卡
工商银行,356880,信用卡,16,牡丹JCB信用卡
工商银行,356881,信用卡,16,牡丹JCB信用卡
工商银行,356882,信用卡,16,牡丹JCB信用卡
工商银行,370246,信用卡,15,牡丹运通卡金卡
工商银行,370247,信用卡,15,牡丹运通卡普通卡
工商银行,370248,信用卡,15,牡丹运通卡金卡
工商银行,370249,信用卡,15,牡丹运通卡金卡
工商银行,427010,信用卡,16,牡丹VISA卡(单位卡)
工商银行,427018,信用卡,16,牡丹VISA信用卡
工商银行,427019,信用卡,16,牡丹VISA卡(单位卡)
工商银行,427020,信用卡,16,牡丹VISA信用卡
工商银行,427029,信用卡,16,牡丹VISA信用卡
工商银行,427030,信用卡,16,牡丹VISA信用卡
工商银行,427039,信用卡,16,牡丹VISA信用卡
工商银行,438125,信用卡,16,牡丹VISA信用卡
工商银行,438126,信用卡,16,牡丹VISA白金卡
工商银行,451804,信用卡,16,牡丹C(银联卡)
工商银行,451810,信用卡,16,牡丹C(银联卡)
工商银行,451811,信用卡,16,牡丹C(银联卡)
工商银行,45806,信用卡,16,牡丹信用卡(银联卡)
工商银行,458071,信用卡,16,牡丹C(银联卡)
工商银行,458441,信用卡,16,国航知音牡丹信用卡
工商银行,489734,信用卡,16,牡丹欧元卡
工商银行,489735,信用卡,16,牡丹欧元卡
工商银行,489736,信用卡,16,牡丹欧元卡
工商银行,513685,信用卡,16,国航知音牡丹信用卡
工商银行,524047,信用卡,16,牡丹万事达白金卡
工商银行,525498,信用卡,16,海航信用卡个人普卡
工商银行,526836,信用卡,16,国航知音牡丹信用卡
工商银行,528856,信用卡,16,牡丹多币种卡
工商银行,530970,信用卡,16,牡丹万事达信用卡
工商银行,53098,信用卡,16,牡丹信用卡(银联卡)
工商银行,530990,信用卡,16,牡丹万事达信用卡
工商银行,543098,信用卡,16,国航知音牡丹信用卡
工商银行,558360,信用卡,16,牡丹万事达信用卡
工商银行,622206,信用卡,16,牡丹卡白金卡
工商银行,622230,信用卡,16,C(个普)
工商银行,622231,信用卡,16,牡丹卡(个人卡)
工商银行,622232,信用卡,16,牡丹卡(个人卡)
工商银行,622233,信用卡,16,牡丹卡(个人卡)
工商银行,622234,信用卡,16,牡丹卡(个人卡)
工商银行,622235,信用卡,16,C(个金)
工商银行,622237,信用卡,16,牡丹交通卡
工商银行,622238,信用卡,16,牡丹交通卡
工商银行,622239,信用卡,16,牡丹交通卡
工商银行,622240,信用卡,16,C(商普)
工商银行,622245,信用卡,16,C(商金)
工商银行,625330,信用卡,16,中国旅游卡
工商银行,625331,信用卡,16,中国旅游卡
工商银行,625332,信用卡,16,中国旅游卡
工商银行,625708,信用卡,16,中小商户采购卡
工商银行,625709,信用卡,16,中小商户采购卡
工商银行,628286,信用卡,16,财政预算单位公务卡
工商银行,628288,信用卡,16,中央预算单位公务卡
工商银行,62844801,信用卡,16,银联单位公务卡金卡
工商银行,622299,信用卡,16,工银私人银行家族卡
工商银行,625247,信用卡,16,工银年轻客户专属产品
工商银行,625249,信用卡,16,工银年轻客户专属产品
工商银行,625250,信用卡,16,工银年轻客户专属产品
工商银行,625929,信用卡,16,贷记卡
工商银行,625927,信用卡,16,贷记卡
工商银行,625939,信用卡,16,信用卡
工商银行,625987,信用卡,16,信用卡
工商银行,625930,信用卡,16,贷记卡
工商银行,625114,信用卡,16,贷记卡
工商银行,622159,信用卡,16,贷记卡
工商银行,625021,信用卡,16,贷记卡
工商银行,625022,信用卡,16,贷记卡
工商银行,625932,信用卡,16,贷记卡
工商银行,622889,信用卡,16,ICBC(Asia) Credit
工商银行,625900,信用卡,16,ICBC Credit Card
工商银行,625915,信用卡,16,港币信用卡
工商银行,625916,信用卡,16,港币信用卡
工商银行,625115,信用卡,16,工银银联公司卡
工商银行,625941,信用卡,16,
工商银行,625801,信用卡,16,工银亚洲C
工商银行,622171,信用卡,16,印尼盾复合卡
工商银行,625931,信用卡,16,贷记卡
工商银行,625918,信用卡,16,信用卡
工商银行,625113,信用卡,16,贷记卡
工商银行,62592310,信用卡,16,贷记卡
工商银行,62592320,信用卡,16,贷记卡
工商银行,62592340,信用卡,16,贷记卡
工商银行,625928,信用卡,16,贷记卡
工商银行,625914,信用卡,16,贷记卡
工商银行,625986,信用卡,16,贷记卡
工商银行,625925,信用卡,16,贷记卡
工商银行,625116,信用卡,16,工银银联公司卡
工商银行,622227,信用卡,16,Diamond
工商银行,625921,信用卡,16,贷记卡
工商银行,62592110,信用卡,16,
工商银行,62592120,信用卡,16,
工商银行,62592140,信用卡,16,
工商银行,625926,信用卡,16,贷记卡
工商银行,625110,信用卡,16,信用卡
工商银行,625942,信用卡,16,贷记卡
工商银行,62594250,信用卡,16,银联公司卡
工商银行,62594260,信用卡,16,银联公司卡
工商银行,62594270,信用卡,16,银联公司卡
工商银行,622158,信用卡,16,贷记卡
工商银行,625917,信用卡,16,贷记卡
工商银行,625922,信用卡,16,贷记卡
工商银行,625934,信用卡,16,工银越南盾信用卡
工商银行,625933,信用卡,16,贷记卡
工商银行,625920,信用卡,16,贷记卡
工商银行,625924,信用卡,16,贷记卡
工商银行,6243190,信用卡,16,
工商银行,6243191,信用卡,16,
工商银行,6243192,信用卡,16,
工商银行,6243193,信用卡,16,
工商银行,62431940,信用卡,16,
工商银行,6244220,信用卡,16,
工商银行,6244221,信用卡,16,
工商银行,6244222,信用卡,16,
工商银行,6244223,信用卡,16,
工商银行,62442240,信用卡,16,
工商银行,625017,信用卡,16,普卡
工商银行,625018,信用卡,16,金卡
工商银行,625019,信用卡,16,白金卡
建设银行,621673,银行卡,19,普通高中学生资助卡
建设银行,623211,银行卡,19,中国旅游卡
建设银行,623668,银行卡,19,结算通借记卡
建设银行,623094,银行卡,19,代发工资借记IC卡
建设银行,623669,银行卡,19,全国联名卡
建设银行,621284,银行卡,19,中职学生资助卡
建设银行,421349,银行卡,16,乐当家银卡VISA
建设银行,434061,银行卡,16,乐当家金卡VISA
建设银行,434062,银行卡,16,乐当家白金卡
建设银行,436742,银行卡,19,龙卡储蓄卡
建设银行,524094,银行卡,16,乐当家
建设银行,526410,银行卡,16,乐当家
建设银行,552245,银行卡,16,乐当家白金卡
建设银行,589970,银行卡,19,金融复合IC卡
建设银行,620060,银行卡,19,银联标准卡
建设银行,621080,银行卡,16,银联理财钻石卡
建设银行,621081,银行卡,19,金融IC卡
建设银行,621466,银行卡,16,理财白金卡
建设银行,621467,银行卡,19,社保IC卡
建设银行,621488,银行卡,16,财富卡私人银行卡
建设银行,621499,银行卡,16,理财金卡
建设银行,621598,银行卡,19,福农卡
建设银行,621621,银行卡,19,武警军人保障卡
建设银行,621700,银行卡,19,龙卡通
建设银行,622280,银行卡,19,银联储蓄卡
建设银行,622700,银行卡,19,龙卡储蓄卡(银联卡)
建设银行,622966,银行卡,16,理财白金卡
建设银行,622988,银行卡,16,理财金卡
建设银行,621082,银行卡,16,建行陆港通龙卡
建设银行,623251,银行卡,16,单位结算卡
建设银行,5453242,信用卡,18,龙卡信用卡
建设银行,5491031,信用卡,18,龙卡信用卡
建设银行,5544033,信用卡,18,龙卡信用卡
建设银行,553242,信用卡,18,龙卡信用卡
建设银行,62844800,信用卡,16,
建设银行,356896,信用卡,16,龙卡JCB金卡
建设银行,356899,信用卡,16,龙卡JCB白金卡
建设银行,356895,信用卡,16,龙卡JCB普卡
建设银行,436718,信用卡,16,龙卡C公司卡
建设银行,436738,信用卡,16,龙卡C
建设银行,436745,信用卡,16,龙卡国际普通卡VISA
建设银行,436748,信用卡,16,龙卡国际金卡VISA
建设银行,489592,信用卡,16,VISA白金信用卡
建设银行,531693,信用卡,16,龙卡国际白金卡
建设银行,532450,信用卡,16,龙卡国际普通卡MASTER
建设银行,532458,信用卡,16,龙卡国际金卡MASTER
建设银行,544887,信用卡,16,龙卡万事达金卡
建设银行,552801,信用卡,16,龙卡C
建设银行,557080,信用卡,16,龙卡万事达白金卡
建设银行,558895,信用卡,16,龙卡C
建设银行,559051,信用卡,16,龙卡万事达信用卡
建设银行,622166,信用卡,16,龙卡人民币信用卡
建设银行,622168,信用卡,16,龙卡人民币信用金卡
建设银行,622708,信用卡,16,龙卡人民币白金卡
建设银行,625964,信用卡,16,龙卡IC信用卡普卡
建设银行,625965,信用卡,16,龙卡IC信用卡金卡
建设银行,625966,信用卡,16,龙卡IC信用卡白金卡
建设银行,628266,信用卡,16,龙卡银联公务卡普卡
建设银行,628366,信用卡,16,龙卡银联公务卡金卡
建设银行,625362,信用卡,16,中国旅游卡
建设银行,625363,信用卡,16,中国旅游卡
建设银行,628316,信用卡,16,龙卡IC公务卡
建设银行,628317,信用卡,16,龙卡IC公务卡
建设银行,622381,信用卡,16,人民币信用卡
建设银行,622675,信用卡,16,银联卡
建设银行,622676,信用卡,16,银联卡
建设银行,624329,信用卡,16,CCBA Diamond Dual
建设银行,624458,信用卡,16,
建设银行,622677,信用卡,16,银联卡
建设银行,624412,信用卡,16,CCB Macau Platinum Credit Card
交通银行,405512,银行卡,17,太平洋互连卡(银联卡)
交通银行,601428,银行卡,17,太平洋万事顺卡
交通银行,622258,银行卡,17,太平洋借记卡
交通银行,622259,银行卡,17,太平洋借记卡
交通银行,622261,银行卡,19,太平洋借记卡
交通银行,66405512,银行卡,17,太平洋互连卡
交通银行,622260,银行卡,19,太平洋借记卡
交通银行,66601428,银行卡,17,太平洋万事顺卡
交通银行,622262,银行卡,19,交银IC卡
交通银行,623261,银行卡,19,交通银行单位结算卡
交通银行,434910,信用卡,16,太平洋白金信用卡
交通银行,458123,信用卡,16,太平洋双币C
交通银行,458124,信用卡,16,太平洋双币C
交通银行,49104,信用卡,16,太平洋信用卡
交通银行,520169,信用卡,16,太平洋双币C
交通银行,522964,信用卡,16,太平洋白金信用卡
交通银行,53783,信用卡,16,太平洋信用卡
交通银行,622250,信用卡,16,太平洋人民币C
交通银行,622251,信用卡,16,太平洋人民币C
交通银行,521899,信用卡,16,太平洋双币C
交通银行,622253,信用卡,16,太平洋人民币C
交通银行,622656,信用卡,16,白金卡
交通银行,628216,信用卡,16,交通银行公务卡普卡
交通银行,622252,信用卡,16,太平洋人民币C
交通银行,6649104,信用卡,16,太平洋信用卡
交通银行,955590,信用卡,16,太平洋C(银联卡)
交通银行,955591,信用卡,16,太平洋C(银联卡)
交通银行,955592,信用卡,16,太平洋C(银联卡)
交通银行,955593,信用卡,16,太平洋C(银联卡)
交通银行,6653783,信用卡,16,太平洋信用卡
交通银行,628218,信用卡,16,交通银行公务卡金卡
交通银行,625028,信用卡,16,双币种信用卡
交通银行,625029,信用卡,16,双币种信用卡
交通银行,62844808,信用卡,19,
光大银行,303,银行卡,16,阳光卡
光大银行,622660,银行卡,16,阳光卡(银联卡)
光大银行,622662,银行卡,16,阳光卡(银联卡)
光大银行,622663,银行卡,16,阳光卡(银联卡)
光大银行,622664,银行卡,16,阳光卡(银联卡)
光大银行,622665,银行卡,16,阳光卡(银联卡)
光大银行,622666,银行卡,16,阳光卡(银联卡)
光大银行,622667,银行卡,16,阳光卡(银联卡)
光大银行,622669,银行卡,16,阳光卡(银联卡)
光大银行,622670,银行卡,16,阳光卡(银联卡)
光大银行,622671,银行卡,16,阳光卡(银联卡)
光大银行,622672,银行卡,16,阳光卡(银联卡)
光大银行,622668,银行卡,16,阳光卡(银联卡)
光大银行,622661,银行卡,16,阳光卡(银联卡)
光大银行,622674,银行卡,16,阳光卡(银联卡)
光大银行,90030,银行卡,16,阳光卡(银联卡)
光大银行,622673,银行卡,16,阳光卡(银联卡)
光大银行,620518,银行卡,16,借记卡普卡
光大银行,621489,银行卡,16,社会保障IC卡
光大银行,621492,银行卡,16,IC借记卡普卡
光大银行,620535,银行卡,19,手机支付卡
光大银行,623156,银行卡,16,联名IC卡普卡
光大银行,621490,银行卡,16,借记IC卡白金卡
光大银行,621491,银行卡,16,借记IC卡金卡
光大银行,620085,银行卡,16,阳光旅行卡
光大银行,623155,银行卡,16,借记IC卡钻石卡
光大银行,623157,银行卡,16,联名IC卡金卡
光大银行,623158,银行卡,16,联名IC卡白金卡
光大银行,623159,银行卡,16,联名IC卡钻石卡
光大银行,623253,银行卡,16,
光大银行,622657,信用卡,16,存贷合一白金卡
光大银行,622685,信用卡,16,存贷合一卡普卡
光大银行,622659,信用卡,16,理财信用卡
光大银行,622687,信用卡,16,存贷合一钻石卡
光大银行,625981,信用卡,16,存贷合一IC卡
光大银行,625979,信用卡,16,存贷合一IC卡
光大银行,356839,信用卡,16,阳光商旅信用卡
光大银行,356840,信用卡,16,阳光商旅信用卡
光大银行,406252,信用卡,16,阳光信用卡(银联
光大银行,406254,信用卡,16,阳光信用卡(银联
光大银行,425862,信用卡,16,阳光商旅信用卡
光大银行,481699,信用卡,16,阳光白金信用卡
光大银行,524090,信用卡,16,安邦俱乐部信用卡
光大银行,543159,信用卡,16,足球锦标赛纪念卡
光大银行,622161,信用卡,16,光大银行联名公务卡
光大银行,622570,信用卡,16,积分卡
光大银行,622650,信用卡,16,炎黄卡普卡
光大银行,622655,信用卡,16,炎黄卡白金卡
光大银行,622658,信用卡,16,炎黄卡金卡
光大银行,625975,信用卡,16,贷记IC卡
光大银行,625977,信用卡,16,贷记IC卡
光大银行,628201,信用卡,16,银联公务卡
光大银行,628202,信用卡,16,银联公务卡
光大银行,625976,信用卡,16,贷记IC卡
光大银行,625339,信用卡,16,银联贷记IC旅游卡
光大银行,622801,信用卡,16,贷记IC卡
光大银行,625978,信用卡,16,存贷合一IC卡
光大银行,625980,信用卡,16,存贷合一IC卡
光大银行,625974,信用卡,16,
民生银行,622615,银行卡,16,民生借记卡(银联卡)
民生银行,622616,银行卡,16,民生银联借记卡－金卡
民生银行,622618,银行卡,16,钻石卡
民生银行,622622,银行卡,16,民生借记卡(银联卡)
民生银行,622617,银行卡,16,民生借记卡(银联卡)
民生银行,622619,银行卡,16,民生借记卡(银联卡)
民生银行,415599,银行卡,16,民生借记卡
民生银行,421393,银行卡,16,民生国际卡
民生银行,421865,银行卡,16,民生国际卡(银卡)
民生银行,427570,银行卡,16,民生国际卡(欧元卡)
民生银行,427571,银行卡,16,民生国际卡(澳元卡)
民生银行,472067,银行卡,16,民生国际卡
民生银行,472068,银行卡,16,民生国际卡
民生银行,622620,银行卡,16,薪资理财卡
民生银行,621691,银行卡,16,借记卡普卡
民生银行,623255,银行卡,16,借记卡
民生银行,900003,银行卡,16,借记卡
民生银行,623258,银行卡,16,
民生银行,623683,银行卡,16,民生银行银联借记卡银卡
民生银行,545392,信用卡,16,民生MasterCard
民生银行,545393,信用卡,16,民生MasterCard
民生银行,545431,信用卡,16,民生MasterCard
民生银行,545447,信用卡,16,民生MasterCard
民生银行,356859,信用卡,16,民生JCB信用卡
民生银行,356857,信用卡,16,民生JCB金卡
民生银行,407405,信用卡,16,民生C(银联卡)
民生银行,421869,信用卡,16,民生C(银联卡)
民生银行,421870,信用卡,16,民生C(银联卡)
民生银行,421871,信用卡,16,民生C(银联卡)
民生银行,512466,信用卡,16,民生C(银联卡)
民生银行,356856,信用卡,16,民生JCB普卡
民生银行,528948,信用卡,16,民生C(银联卡)
民生银行,552288,信用卡,16,民生C(银联卡)
民生银行,622600,信用卡,16,民生信用卡(银联卡)
民生银行,622601,信用卡,16,民生信用卡(银联卡)
民生银行,622602,信用卡,16,民生银联白金信用卡
民生银行,517636,信用卡,16,民生C(银联卡)
民生银行,622621,信用卡,16,民生银联个人白金卡
民生银行,628258,信用卡,16,公务卡金卡
民生银行,556610,信用卡,16,民生C(银联卡)
民生银行,622603,信用卡,16,民生银联商务信用卡
民生银行,464580,信用卡,16,民VISA无限卡
民生银行,464581,信用卡,16,民生VISA商务白金卡
民生银行,523952,信用卡,16,民生万事达钛金卡
民生银行,553161,信用卡,16,民生万事达白金公务卡
民生银行,356858,信用卡,16,民生JCB白金卡
民生银行,622623,信用卡,16,银联标准金卡
民生银行,625911,信用卡,16,银联芯片普卡
民生银行,377152,信用卡,15,民生运通双币信用卡普卡
民生银行,377153,信用卡,15,民生运通双币信用卡金卡
民生银行,377158,信用卡,15,民生运通双币信用卡钻石卡
民生银行,377155,信用卡,15,民生运通双币标准信用卡白金卡
民生银行,625912,信用卡,16,银联芯片金卡
民生银行,625913,信用卡,16,银联芯片白金卡
民生银行,625188,信用卡,16,
平安银行,412963,银行卡,16,发展借记卡
平安银行,415752,银行卡,16,国际借记卡
平安银行,415753,银行卡,16,国际借记卡
平安银行,622538,银行卡,16,发展卡(银联卡)
平安银行,998800,银行卡,16,发展借记卡(银联卡)
平安银行,412962,银行卡,16,发展借记卡
平安银行,622535,银行卡,16,聚财卡金卡
平安银行,622536,银行卡,16,聚财卡VIP金卡
平安银行,622539,银行卡,16,聚财卡白金卡和钻石卡
平安银行,622983,银行卡,16,聚财卡钻石卡
平安银行,623269,银行卡,19,
平安银行,621626,银行卡,19,新磁条借记卡
平安银行,623058,银行卡,19,平安银行IC借记卡
平安银行,602907,银行卡,16,万事顺卡
平安银行,622986,银行卡,16,平安银行借记卡
平安银行,622989,银行卡,16,平安银行借记卡
平安银行,622298,银行卡,16,万事顺借记卡
平安银行,627069,银行卡,16,一账通借贷合一钻石卡
平安银行,627066,银行卡,16,一账通借贷合一卡普卡
平安银行,627067,银行卡,16,一账通借贷合一卡金卡
平安银行,627068,银行卡,16,一账通借贷合一白金卡
平安银行,531659,信用卡,16,白金信用卡
平安银行,622157,信用卡,16,白金信用卡
平安银行,435744,信用卡,16,沃尔玛百分卡
平安银行,435745,信用卡,16,沃尔玛百分卡
平安银行,483536,信用卡,16,VISA白金卡
平安银行,622525,信用卡,16,人民币信用卡金卡
平安银行,622526,信用卡,16,人民币信用卡普卡
平安银行,998801,信用卡,16,发展信用卡(银联卡)
平安银行,998802,信用卡,16,发展信用卡(银联卡)
平安银行,528020,信用卡,16,平安银行信用卡
平安银行,622155,信用卡,16,平安银行信用卡
平安银行,622156,信用卡,16,平安银行信用卡
平安银行,526855,信用卡,16,平安银行信用卡
平安银行,356869,信用卡,16,信用卡
平安银行,356868,信用卡,16,信用卡
平安银行,625360,信用卡,16,平安中国旅游信用卡
平安银行,625361,信用卡,16,平安中国旅游白金信用卡
平安银行,628296,信用卡,16,公务卡
平安银行,625825,信用卡,16,白金IC卡
平安银行,625823,信用卡,16,贷记IC卡
邮储银行,622150,银行卡,19,绿卡银联标准卡
邮储银行,622151,银行卡,19,绿卡银联标准卡
邮储银行,622181,银行卡,19,绿卡专用卡
邮储银行,622188,银行卡,19,绿卡银联标准卡
邮储银行,955100,银行卡,19,绿卡(银联卡)
邮储银行,621095,银行卡,19,绿卡VIP卡
邮储银行,620062,银行卡,19,银联标准卡
邮储银行,621285,银行卡,19,中职学生资助卡
邮储银行,621798,银行卡,19,IC绿卡通VIP卡
邮储银行,621799,银行卡,19,IC绿卡通
邮储银行,621797,银行卡,19,IC联名卡
邮储银行,622199,银行卡,19,绿卡银联标准卡
邮储银行,621096,银行卡,19,绿卡通
邮储银行,62215049,银行卡,19,绿卡储蓄卡(银联卡)
邮储银行,62215050,银行卡,19,绿卡储蓄卡(银联卡)
邮储银行,62215051,银行卡,19,绿卡储蓄卡(银联卡)
邮储银行,62218849,银行卡,19,绿卡储蓄卡(银联卡)
邮储银行,62218850,银行卡,19,绿卡储蓄卡(银联卡)
邮储银行,62218851,银行卡,19,绿卡储蓄卡(银联卡)
邮储银行,621622,银行卡,19,武警军人保障卡
邮储银行,623219,银行卡,19,中国旅游卡（金卡）
邮储银行,621674,银行卡,19,普通高中学生资助卡
邮储银行,623218,银行卡,19,中国旅游卡（普卡）
邮储银行,621599,银行卡,19,福农卡
邮储银行,623698,银行卡,19,绿卡通IC卡-白金卡
邮储银行,623699,银行卡,19,绿卡通IC卡-钻石卡
邮储银行,623686,银行卡,19,绿卡通IC联名卡
邮储银行,622180,银行卡,19,绿卡通IC卡全国联名卡
邮储银行,622182,银行卡,19,绿卡芯片卡
邮储银行,625586,银行卡,19,绿卡通IC卡福农卡
邮储银行,622187,银行卡,19,绿卡通（青年卡）
邮储银行,622189,银行卡,19,绿卡通（+薪卡）
邮储银行,621098,银行卡,19,绿卡通
广发银行,622568,银行卡,19,广发理财通卡
广发银行,9111,银行卡,19,广发理财通(银联卡)
广发银行,621462,银行卡,19,理财通卡
广发银行,6858001,银行卡,19,广发理财通
广发银行,6858009,银行卡,19,广发理财通
广发银行,623506,银行卡,19,广发财富管理多币IC卡
广发银行,623259,银行卡,19,借记卡
广发银行,406365,信用卡,16,广发VISA信用卡
广发银行,406366,信用卡,16,广发VISA信用卡
广发银行,428911,信用卡,16,广发信用卡
广发银行,436768,信用卡,16,广发信用卡
广发银行,436769,信用卡,16,广发信用卡
广发银行,487013,信用卡,16,广发VISA信用卡
广发银行,491032,信用卡,16,广发信用卡
广发银行,491034,信用卡,16,广发信用卡
广发银行,491035,信用卡,16,广发信用卡
广发银行,491036,信用卡,16,广发信用卡
广发银行,491037,信用卡,16,广发信用卡
广发银行,491038,信用卡,16,广发信用卡
广发银行,518364,信用卡,16,广发信用卡
广发银行,520152,信用卡,16,广发万事达信用卡
广发银行,520382,信用卡,16,广发万事达信用卡
广发银行,548844,信用卡,16,广发信用卡
广发银行,552794,信用卡,16,广发万事达信用卡
广发银行,622555,信用卡,16,广发银联标准金卡
广发银行,622556,信用卡,16,广发银联标准普卡
广发银行,622557,信用卡,16,广发银联标准真情金卡
广发银行,622558,信用卡,16,广发银联标准白金卡
广发银行,622559,信用卡,16,广发银联标准真情普卡
广发银行,528931,信用卡,16,广发万事达信用卡
广发银行,558894,信用卡,16,广发万事达信用卡
广发银行,625072,信用卡,16,银联标准金卡
广发银行,625071,信用卡,16,银联标准普卡
广发银行,625805,信用卡,16,银联真情普卡
广发银行,625806,信用卡,16,银联真情金卡
广发银行,625807,信用卡,16,银联真情白金卡
广发银行,625808,信用卡,16,银联标准普卡
广发银行,625809,信用卡,16,银联标准金卡
广发银行,625810,信用卡,16,银联标准白金卡
广发银行,685800,信用卡,19,广发万事达信用卡
广发银行,6858000,信用卡,19,广发理财通
广发银行,622560,信用卡,16,广发真情白金卡
广发银行,628259,信用卡,16,银联公务普卡
广发银行,628260,信用卡,16,银联公务金卡
广发银行,622890,信用卡,16,
中信银行,433670,银行卡,16,中信借记卡
中信银行,433680,银行卡,16,中信借记卡
中信银行,442729,银行卡,16,中信国际借记卡
中信银行,442730,银行卡,16,中信国际借记卡
中信银行,620082,银行卡,16,中国旅行卡
中信银行,622690,银行卡,16,中信借记卡(银联卡)
中信银行,622691,银行卡,16,中信借记卡(银联卡)
中信银行,622692,银行卡,16,中信贵宾卡(银联卡)
中信银行,622696,银行卡,16,中信理财宝金卡
中信银行,622698,银行卡,16,中信理财宝白金卡
中信银行,622998,银行卡,16,中信钻石卡
中信银行,622999,银行卡,16,中信钻石卡
中信银行,433671,银行卡,16,中信借记卡
中信银行,968807,银行卡,16,中信理财宝(银联卡)
中信银行,968808,银行卡,16,中信理财宝(银联卡)
中信银行,968809,银行卡,16,中信理财宝(银联卡)
中信银行,621771,银行卡,16,借记卡
中信银行,621767,银行卡,16,理财宝IC卡
中信银行,621768,银行卡,16,理财宝IC卡
中信银行,621770,银行卡,16,理财宝IC卡
中信银行,621772,银行卡,16,理财宝IC卡
中信银行,621773,银行卡,16,理财宝IC卡
中信银行,620527,银行卡,19,主账户复合电子现金卡
中信银行,621769,银行卡,16,中信银行钻石卡
中信银行,376968,信用卡,15,中信C银联卡
中信银行,376969,信用卡,15,中信C银联卡
中信银行,400360,信用卡,16,中信C
中信银行,403391,信用卡,16,中信C
中信银行,403392,信用卡,16,中信C
中信银行,376966,信用卡,15,中信C银联卡
中信银行,404158,信用卡,16,中信C
中信银行,404159,信用卡,16,中信C
中信银行,404171,信用卡,16,中信C
中信银行,404172,信用卡,16,中信C
中信银行,404173,信用卡,16,中信C
中信银行,404174,信用卡,16,中信C
中信银行,404157,信用卡,16,中信C
中信银行,433667,信用卡,16,中信C
中信银行,433669,信用卡,16,中信C
中信银行,514906,信用卡,16,中信C
中信银行,403393,信用卡,16,中信C
中信银行,520108,信用卡,16,中信C
中信银行,433666,信用卡,16,中信C
中信银行,558916,信用卡,16,中信C
中信银行,622680,信用卡,16,中信银联标准C
中信银行,622688,信用卡,16,中信银联标准C
中信银行,622689,信用卡,16,中信银联标准C
中信银行,628206,信用卡,16,中信银联公务卡
中信银行,556617,信用卡,16,中信C
中信银行,628209,信用卡,16,中信银联公务卡
中信银行,518212,信用卡,16,中信C
中信银行,628208,信用卡,16,中信银联公务卡
中信银行,356390,信用卡,16,中信JCB美元卡
中信银行,356391,信用卡,16,中信JCB美元卡
中信银行,356392,信用卡,16,中信JCB美元卡
中信银行,622916,信用卡,16,中信银联IC卡普卡
中信银行,622918,信用卡,16,中信银联IC卡金卡
中信银行,622919,信用卡,16,中信银联IC卡白金卡
中信银行,628370,信用卡,16,公务IC普卡
中信银行,628371,信用卡,16,公务IC金卡
中信银行,628372,信用卡,16,公务IC白金卡
中信银行,622766,信用卡,16,中信银行网付IC卡
中信银行,622767,信用卡,16,中信银行网付IC卡
中信银行,622768,信用卡,16,中信银行网付IC卡
中信银行,622678,信用卡,16,中信银联标准C
中信银行,622679,信用卡,16,中信银联标准C
中信银行,62844806,信用卡,16,中信单位公务C
华夏银行,999999,银行卡,16,华夏卡(银联卡)
华夏银行,621222,银行卡,16,华夏白金卡
华夏银行,623020,银行卡,16,华夏普卡
华夏银行,623021,银行卡,16,华夏金卡
华夏银行,623022,银行卡,16,华夏白金卡
华夏银行,623023,银行卡,16,华夏钻石卡
华夏银行,622630,银行卡,16,华夏卡(银联卡)
华夏银行,622631,银行卡,16,华夏至尊金卡(银联卡)
华夏银行,622632,银行卡,16,华夏丽人卡(银联卡)
华夏银行,622633,银行卡,16,华夏万通卡
华夏银行,523959,信用卡,16,华夏万事达信用卡
华夏银行,528709,信用卡,16,万事达信用卡金卡
华夏银行,539867,信用卡,16,万事达普卡
华夏银行,539868,信用卡,16,万事达普卡
华夏银行,622637,信用卡,16,华夏信用卡金卡
华夏银行,622638,信用卡,16,华夏白金卡
华夏银行,628318,信用卡,16,华夏公务信用卡
华夏银行,528708,信用卡,16,万事达信用卡金卡
华夏银行,622636,信用卡,16,华夏信用卡普卡
华夏银行,625967,信用卡,16,华夏标准金融IC信用卡
华夏银行,625968,信用卡,16,华夏标准金融IC信用卡
华夏银行,625969,信用卡,16,华夏标准金融IC信用卡
浦发银行,622516,银行卡,16,东方轻松理财卡
浦发银行,622517,银行卡,16,东方-轻松理财卡普卡
浦发银行,622518,银行卡,16,东方轻松理财卡
浦发银行,622521,银行卡,16,东方卡(银联卡)
浦发银行,622522,银行卡,16,东方卡(银联卡)
浦发银行,622523,银行卡,16,东方卡(银联卡)
浦发银行,84301,银行卡,16,东方卡
浦发银行,84336,银行卡,16,东方卡
浦发银行,84373,银行卡,16,东方卡
浦发银行,84390,银行卡,16,东方卡
浦发银行,87000,银行卡,16,东方卡
浦发银行,87010,银行卡,16,东方卡
浦发银行,87030,银行卡,16,东方卡
浦发银行,87040,银行卡,16,东方卡
浦发银行,84380,银行卡,16,东方卡
浦发银行,984301,银行卡,16,东方卡
浦发银行,984303,银行卡,16,东方卡
浦发银行,84361,银行卡,16,东方卡
浦发银行,87050,银行卡,16,东方卡
浦发银行,621351,银行卡,16,移动联名卡
浦发银行,621390,银行卡,16,轻松理财消贷易卡
浦发银行,621792,银行卡,16,轻松理财普卡（复合卡）
浦发银行,621791,银行卡,16,东方借记卡（复合卡）
浦发银行,84342,银行卡,16,东方卡
浦发银行,621793,银行卡,16,轻松理财金卡（复合卡）
浦发银行,621795,银行卡,16,轻松理财白金卡（复合卡）
浦发银行,621796,银行卡,16,轻松理财钻石卡（复合卡）
浦发银行,623250,银行卡,16,轻松理财米卡（复合卡）
浦发银行,621352,银行卡,16,轻松理财普卡
浦发银行,84385,银行卡,16,东方卡
浦发银行,356851,信用卡,16,浦发JCB金卡
浦发银行,356852,信用卡,16,浦发JCB白金卡
浦发银行,404738,信用卡,16,信用卡VISA普通
浦发银行,404739,信用卡,16,信用卡VISA金卡
浦发银行,456418,信用卡,16,浦发银行VISA年青卡
浦发银行,498451,信用卡,16,VISA白金信用卡
浦发银行,515672,信用卡,16,浦发万事达白金卡
浦发银行,356850,信用卡,16,浦发JCB普卡
浦发银行,517650,信用卡,16,浦发万事达金卡
浦发银行,525998,信用卡,16,浦发万事达普卡
浦发银行,622177,信用卡,16,浦发单币卡
浦发银行,622277,信用卡,16,浦发银联单币麦兜普卡
浦发银行,628222,信用卡,16,公务卡金卡
浦发银行,622176,信用卡,16,浦发单币卡
浦发银行,622276,信用卡,16,浦发联名信用卡
浦发银行,622228,信用卡,16,浦发银联白金卡
浦发银行,625957,信用卡,16,贷记卡
浦发银行,625958,信用卡,16,贷记卡
浦发银行,622500,信用卡,16,东方卡
浦发银行,625971,信用卡,16,移动浦发借贷合一联名卡
浦发银行,625970,信用卡,16,贷记卡
浦发银行,377187,信用卡,15,浦发私人银行信用卡
浦发银行,625831,信用卡,16,中国移动浦发银行联名手机卡
浦发银行,622693,信用卡,16,
浦发银行,625833,信用卡,16,苹果手机支付卡
浦发银行,625993,信用卡,16,移动浦发联名卡
浦发银行,628221,信用卡,16,公务卡普卡
兴业银行,90592,银行卡,16,兴业卡
兴业银行,966666,银行卡,18,兴业卡(银联卡)
兴业银行,622909,银行卡,18,兴业卡(银联标准卡)
兴业银行,622908,银行卡,18,兴业自然人生理财卡
兴业银行,438588,银行卡,18,兴业智能卡(银联卡)
兴业银行,438589,银行卡,18,兴业智能卡
兴业银行,461982,信用卡,16,visa标准双币个人普卡
兴业银行,486493,信用卡,16,VISA商务普卡
兴业银行,486494,信用卡,16,VISA商务金卡
兴业银行,486861,信用卡,16,VISA运动白金信用卡
兴业银行,523036,信用卡,16,万事达信用卡(银联卡)
兴业银行,451289,信用卡,16,VISA信用卡(银联卡)
兴业银行,527414,信用卡,16,加菲猫信用卡
兴业银行,528057,信用卡,16,个人白金卡
兴业银行,622901,信用卡,16,银联信用卡(银联卡)
兴业银行,622902,信用卡,16,银联信用卡(银联卡)
兴业银行,622922,信用卡,16,银联白金信用卡
兴业银行,628212,信用卡,16,银联标准公务卡
兴业银行,451290,信用卡,16,VISA信用卡(银联卡)
兴业银行,524070,信用卡,16,万事达信用卡(银联卡)
兴业银行,625084,信用卡,16,银联标准贷记普卡
兴业银行,625085,信用卡,16,银联标准贷记金卡
兴业银行,625086,信用卡,16,银联标准贷记金卡
兴业银行,625087,信用卡,16,银联标准贷记金卡
兴业银行,548738,信用卡,16,兴业信用卡
兴业银行,549633,信用卡,16,兴业信用卡
兴业银行,552398,信用卡,16,兴业信用卡
兴业银行,625082,信用卡,16,银联标准贷记普卡
兴业银行,625083,信用卡,16,银联标准贷记普卡
兴业银行,625960,信用卡,16,兴业芯片普卡
兴业银行,625961,信用卡,16,兴业芯片金卡
兴业银行,625962,信用卡,16,兴业芯片白金卡
兴业银行,625963,信用卡,16,兴业芯片钻石卡
兴业银行,625353,信用卡,16,
兴业银行,625356,信用卡,16,
兴业银行,622571,信用卡,16,
兴业银行,622572,信用卡,16,
兴业银行,622573,信用卡,16,
兴业银行,622591,信用卡,16,
兴业银行,622592,信用卡,16,
兴业银行,622593,信用卡,16,
招商银行,690755,银行卡,18,招行一卡通
招商银行,95555,银行卡,16,一卡通(银联卡)
招商银行,402658,银行卡,16,两地一卡通
招商银行,410062,银行卡,16,招行国际卡(银联卡)
招商银行,468203,银行卡,16,招行国际卡(银联卡)
招商银行,512425,银行卡,16,招行国际卡(银联卡)
招商银行,524011,银行卡,16,招行国际卡(银联卡)
招商银行,621286,银行卡,16,金葵花卡
招商银行,621483,银行卡,16,银联IC普卡
招商银行,621485,银行卡,16,银联IC金卡
招商银行,621486,银行卡,16,银联金葵花IC卡
招商银行,622580,银行卡,16,一卡通(银联卡)
招商银行,622588,银行卡,16,一卡通(银联卡)
招商银行,622598,银行卡,16,公司卡(银联卡)
招商银行,622609,银行卡,16,金卡
招商银行,623126,银行卡,16,招商银行钻石IC卡
招商银行,623136,银行卡,16,招商银行私人银行IC卡
招商银行,623262,银行卡,16,招商银行“公司一卡通”IC卡
招商银行,356885,信用卡,16,招商银行信用卡
招商银行,356886,信用卡,16,招商银行信用卡
招商银行,356887,信用卡,16,招商银行信用卡
招商银行,356888,信用卡,16,招商银行信用卡
招商银行,356890,信用卡,16,招商银行信用卡
招商银行,439188,信用卡,16,招商银行信用卡
招商银行,439227,信用卡,16,VISA商务信用卡
招商银行,479229,信用卡,16,招商银行信用卡
招商银行,521302,信用卡,16,世纪金花联名信用卡
招商银行,356889,信用卡,16,招商银行信用卡
招商银行,552534,信用卡,16,招商银行信用卡
招商银行,622575,信用卡,16,招商银行信用卡
招商银行,622576,信用卡,16,招商银行信用卡
招商银行,622581,信用卡,16,招商银行信用卡
招商银行,628290,信用卡,16,IC公务卡
招商银行,622578,信用卡,16,招商银行信用卡
招商银行,479228,信用卡,16,招商银行信用卡
招商银行,545619,信用卡,16,万事达信用卡
招商银行,545620,信用卡,16,万事达信用卡
招商银行,545621,信用卡,16,万事达信用卡
招商银行,545623,信用卡,16,万事达信用卡
招商银行,545947,信用卡,16,万事达信用卡
招商银行,545948,信用卡,16,万事达信用卡
招商银行,552587,信用卡,16,招商银行信用卡
招商银行,622577,信用卡,16,招商银行信用卡
招商银行,622579,信用卡,16,招商银行信用卡
招商银行,622582,信用卡,16,招商银行信用卡
招商银行,625657,信用卡,16,
招商银行,370285,信用卡,15,美国运通绿卡
招商银行,370286,信用卡,15,美国运通金卡
招商银行,370287,信用卡,15,美国运通商务绿卡
招商银行,370289,信用卡,15,美国运通商务金卡
招商银行,439225,信用卡,16,VISA信用卡
招商银行,518710,信用卡,16,MASTER信用卡
招商银行,518718,信用卡,16,MASTER信用金卡
招商银行,628362,信用卡,16,银联标准公务卡(金卡)
招商银行,439226,信用卡,16,VISA信用卡
招商银行,628262,信用卡,16,银联标准财政公务卡
招商银行,625802,信用卡,16,芯片IC信用卡
招商银行,625803,信用卡,16,芯片IC信用卡
浙商银行,621019,银行卡,19,商卡
浙商银行,622309,银行卡,19,商卡
浙商银行,6223091100,银行卡,19,商卡
浙商银行,6223092900,银行卡,19,商卡
浙商银行,6223093310,银行卡,19,商卡(银联卡)
浙商银行,6223093320,银行卡,19,商卡(银联卡)
浙商银行,6223093330,银行卡,19,商卡(银联卡)
浙商银行,6223093370,银行卡,19,商卡
浙商银行,6223093380,银行卡,19,商卡(银联卡)
浙商银行,6223096510,银行卡,19,商卡(银联卡)
浙商银行,6223097910,银行卡,19,商卡
浙商银行,625821,信用卡,16,
浙商银行,628324,信用卡,16,
杭州银行,603367,银行卡,18,西湖卡
杭州银行,622878,银行卡,18,西湖卡
杭州银行,623061,银行卡,18,借记IC卡
杭州银行,623209,银行卡,18,
杭州银行,62326513,银行卡,18,单位结算卡IC卡
杭州银行,62326527,银行卡,19,单位结算卡IC卡
杭州银行,603367,银行卡,19,西湖卡IC卡
上海银行,623183,银行卡,18,慧通钻石卡
上海银行,623185,银行卡,18,慧通金卡
上海银行,621005,银行卡,18,私人银行卡
上海银行,622172,银行卡,18,综合保险卡
上海银行,622985,银行卡,18,申卡社保副卡(有折)
上海银行,622987,银行卡,18,申卡社保副卡(无折)
上海银行,622267,银行卡,18,白金IC借记卡
上海银行,622278,银行卡,18,慧通白金卡(配折)
上海银行,622279,银行卡,18,慧通白金卡(不配折)
上海银行,622468,银行卡,18,申卡(银联卡)
上海银行,622892,银行卡,18,申卡借记卡
上海银行,940021,银行卡,18,银联申卡(银联卡)
上海银行,621050,银行卡,18,单位借记卡
上海银行,620522,银行卡,18,首发纪念版IC卡
上海银行,621243,银行卡,18,单位卡
上海银行,438600,银行卡,16,上海申卡IC
上海银行,356827,信用卡,16,申卡C
上海银行,356828,信用卡,16,申卡C
上海银行,356830,信用卡,16,J分期付款信用卡
上海银行,402673,信用卡,16,申卡C
上海银行,402674,信用卡,16,申卡C
上海银行,486466,信用卡,16,申卡C
上海银行,519498,信用卡,16,申卡C普通卡
上海银行,520131,信用卡,16,申卡C金卡
上海银行,524031,信用卡,16,万事达白金卡
上海银行,548838,信用卡,16,万事达星运卡
上海银行,622148,信用卡,16,申卡C金卡
上海银行,622149,信用卡,16,申卡C普通卡
上海银行,622268,信用卡,16,安融卡
上海银行,356829,信用卡,16,分期付款信用卡
上海银行,622300,信用卡,16,信用卡
上海银行,628230,信用卡,16,个人公务卡
上海银行,622269,信用卡,16,安融卡
上海银行,625099,信用卡,16,上海银行银联白金卡
上海银行,625953,信用卡,16,贷记IC卡
上海银行,625350,信用卡,16,中国旅游卡（IC普卡）
上海银行,625351,信用卡,16,中国旅游卡（IC金卡）
上海银行,625352,信用卡,16,中国旅游卡（IC白金卡）
上海银行,519961,信用卡,16,万事达钻石卡
上海银行,625839,信用卡,16,淘宝IC普卡
上海银行,625180,信用卡,16,钻石卡
上海银行,522001,信用卡,16,万事达双币金卡
上海银行,622163,信用卡,16,银联标准C
上海银行,622853,信用卡,16,银联标准C
上海银行,628203,信用卡,16,银联标准公务卡
上海银行,622851,信用卡,16,北京银行中荷人寿联名卡
上海银行,622852,信用卡,16,尊尚白金卡
上海银行,625816,信用卡,16,
北京银行,421317,银行卡,16,京卡借记卡
北京银行,602969,银行卡,16,京卡(银联卡)
北京银行,621030,银行卡,16,京卡借记卡
北京银行,621420,银行卡,16,京卡
北京银行,621468,银行卡,16,京卡
北京银行,623111,银行卡,16,借记IC卡
北京银行,422160,银行卡,16,京卡贵宾金卡
北京银行,422161,银行卡,16,京卡贵宾白金卡
